,Gpt-2
0,opposition parties led by ranariddh and former finance minister sam ram rainsy have refused to enter into a coalition with hun sen until their allegations of election fraud have been thoroughly investigated it could also hasten cambodias entry into the association of southeast asian nations put on hold last year after hun sen deposed ranariddh as co-prime minister in a bloody coup sam rainsy a virulent critic of hun sen and his partys 14 other members of parliament have remained outside cambodia since september amid fears for their security he said it contained indirect language and loopholes that suggest he and his sam rainsy party members are still under threat of arrest from hun sens ruling party the prince also said that his top general nhek bunchhay would not be given back his previous position as the second-ranking general in the cambodian militarys general staff
1,la ceiba officials appealed for pure water for those in shelters and some residents set out plastic buckets to collect rainwater more than 20 000 tourists had abandoned cancun and nearby resort areas leaving hotels at about 20 percent of capacity guatemala reported 100 storm-related deaths six people died in southern mexico and seven in costa rica the estimated number of homeless dropped from 580 000 to 569 000 thursday
2,the arrest warrant however referred only to questioning about allegations that he killed spaniards in chile between 1973 and 1983 the appeals argue that crimes committed during pinochets 1973-1990 dictatorship are none of spains business and should be left to the chilean or international courts the reporter said he talked briefly to pinochets wife lucia hiriart and daughter veronica they also maintained that as a former head of state the general had diplomatic immunity for actions taken while in office his lawyer clive nicholls said that if a bid to extradite the general succeeded by the same token queen elizabeth ii could be extradited to argentina to face trial for the death of argentine soldiers in the falklands war in 1982
3,the taliban have refused to turn over bin laden to the united states but they say if there is evidence they will try him under islamic law but intelligence agents previously obtained evidence that the manager of the shifa plant made frequent trips to iraq where he visited the head of the chemical weapons program the criticism is also based on the suspicion that the united states has poor data on sudan as the cia station there has been closed since 1995 and the entire u s embassy since 1996 officials say u s intelligence has received reports that idris launders money for international islamic groups and that he also has a stake in a company in sudan that is 40 percent owned by the military industrial corporation a government entity that the united states says controls sudanese chemical weapons development bin laden a saudi exile is thought to be living in afghanistan
4,if the players win the owners will be liable for about dlrs 800 million in guaranteed salaries although they have vowed to appeal if they lose if the players win the owners will be liable for about dlrs 800 million in guaranteed salaries although they have vowed to appeal if they lose the main sticking point has been the owners insistence on a salary cap without exceptions the implementation of which they believe would bring player salaries in line with revenue growth but neither the players nor the owners are counting on the ruling by the arbitrator john feerick to speed up negotiations especially if feerick finds in favor of the players an award that could approach 800 million in salaries last year more players than ever before received the union minimum then 242 000 for rookies or 272 000 for veterans
5,the rebels have targeted kindu since late august when they were forced to retreat from the outskirts of the capital kinshasa after troops from angola and zimbabwe came to kabilas aid rebel commanders say their 2 000 fighters face an estimated 5 000 government troops apparently reinforced by sudanese soldiers the rebels say they now control one-third of kindu and are poised to overrun the rest of the town on saturday the rebels shot down a congolese boeing 727 over the kindu airport rebels who began their insurgency more than two months ago accuse president laurent kabila of corruption failing to carry out promised democratic reforms and stirring up hatred among congos 400 tribes
6,the two had differed over economic policy and anwar has said mahathir feared he was a threat to his 17-year rule clinton is scheduled to go to malaysia for the meeting of the asia-pacific economic cooperation forum the trial will be interrupted during the nov 12-18 apec meetings but mahathirs treatment of anwar and his reform movement already have been criticized by apec members such as australia indonesia the philippines and the united states so far indonesian officials have said they would stick to the recovery plan devised by the international monetary fund which stresses economic austerity and open markets the governments rescue of renong a major conglomerate with close ties to mahathir is going ahead though some analysts predict the government will eventually scrap the much-criticized plan
7,netanyahu told a crowd of political supporters in jerusalem by 2000 there will be homes at har homa palestinian security sources and the families of the dead bombers had already identified them as islamic jihad activists netanyahu told a crowd of political supporters in jerusalem by 2000 there will be homes at har homa the palestinians said they could ban activity by hamas or islamic jihad that endangered either israelis or palestinians but could not outlaw them outright as political movements a palestinian security official said several islamic holy war members were arrested in the west bank on friday night
8,shortly after anwars arrest one of the former leaders aides bragged that they had set up dozens of sites offshore beyond the reach of the malaysian government last week philippine president joseph estrada said he was considering not going to the asia-pacific economic cooperation forum because of anwar ibrahims arrest the two had differed over economic policy and anwar has said mahathir feared he was a threat to his 17-year rule clinton is scheduled to go to malaysia for the meeting of the asia-pacific economic cooperation forum at least two asean leaders philippine president joseph estrada and indonesian president b j habibie have spoken out against anwars treatment
9,on sunday milosevic met with russian foreign minister igor ivanov and defense minister igor sergeyev serbian president milan milutinovic and yugoslavias top defense officials but nato secretary-general javier solana told reporters that the alliance believed yugoslavia had not yet met the conditions demanded by the u n security council before boarding a plane for the yugoslav capital belgrade however holbrooke said conditions in the southern serbian province had not improved since the alliance started two weeks ago to finalize plans for air raids to force milosevic to halt his offensive against kosovo albanian separatists this weekend foreign diplomatic observers in kosovo reported that a military stand-down had taken place in the province where milosevics forces have waged a fierce offensive against albanian rebels clinton administration officials said at the time that they were concerned that nato intervention would bolster the separatist forces
10,it blamed the deaths on stress caused by the long shipment by truck to the north a survey carried out in september and october also showed that 16 percent of children in north korea are acutely malnourished with a body weight too low for their height it sent only 18 athletes and officials to the winter olympics in nagano japan in february nicholas eberstadt an american specialist on north korean population figures says that there simply is not enough hard information for him to estimate the death toll from the famine he said that even in hospitals sanitation and water purification systems were virtually nonexistent because the country lacks chlorine for purification and fuel to run water pumps
11,liquidity problems at bangkok land the company that owns the housing estate threatened to prevent the company from finishing the complex in time for the dec 6-20 games saudi sports authorities said the games conflicted with national centenary celebrations and the muslim holy month of ramadan thai newspapers reported saturday that attempts to convince saudi arabia to participate in the upcoming 13th asian games have failed the pakistanis say all their athletes and officials for the games opening sunday have been told not to even think of the wonder drug and night life ideas in all 377 gold medals are at stake in 36 sports including asian specialities such as kabaddi and sepak takraw
12,groups of dissidents in cities across china have attempted to register the group as required by law but authorities have rejected those applications under chinas vague state security law such links may also be punishable by up to life in prison in fact the by-laws of the china democratic party are fairly tame they carefully acknowledge the central role of the communist party but also support free speech and free elections for public officials monday wangs wife hu jiangxia was handed the bill of prosecution according to the information center of human rights and democratic movement in hong kong last week the chinese government arrested 10 members and sympathizers of the china democracy party one of whom wang youcai is to go on trial dec 17
13,they showed that the republicans are no longer identified with issues that were once their electoral bread and butter such as low taxes and law and order some republicans said privately that there should be no hearings at all in the clinton matter and some democrats began talking about a deal the equivalent of a plea bargain that would bring the matter to an early close in the past no more than a couple of dozen members have openly expressed their dissatisfaction with him and a coup attempt last year fizzled for lack of support but mann and others said that anger has been building at gingrich for several reasons including his signing on to a budget deal last month that seemed to capitulate to president clinton not offering a clear legislative agenda for republicans and not communicating a clear political message he said that because of the deep rifts in the party gingrich would not have been able to implement his plans
14,executives representing netscape aol and sun microsystems are government witnesses at the microsoft trial an estimated 25 percent of american households had access to the internet last year and 5 percent of households bought merchandise on line as is the case with any software company netscapes key asset is its talented programmers and many of these code hackers may be reluctant to work for america online which still has a reputation as a middle-brow service catering to online newcomers known derisively as newbies nor have internet service providers and other telecommunications-oriented companies shown much evidence ms gere of international data said that they are capable of offering the highly specific customized services that big corporate clients demand nor have internet service providers and other telecommunications-oriented companies shown much evidence ms gere of international data said that they are capable of offering the highly specific customized services that big corporate clients demand
15,or he may simply be trying to keep his distance from maslyukovs plan while russia tries to wrangle its next disbursement 4 3 billion from the international monetary fund historically experts in politics and security have gravitated to the united nations development experts to the world bank and economists to the imf creating dangerous gaps in a crisis like this one in recent months he noted the imf has allowed more spending to sustain subsidies for basic goods for longer periods in indonesia korea and elsewhere now inside the imf and on capitol hill there are recriminations over who lost russia the americans say the answer is more disclosure so that investors are better warned and tougher regulation
16,but egyptian foreign minister amr moussa who accompanied him on the trip said before their departure that mubarak backs dialogue for solving disputes and not military power and threats al-sharaa said he hoped mubaraks trip to turkey would achieve results editorials in the arab world called on both sides to show restraint al-sharaa said he hoped mubaraks trip to turkey this week would be fruitful the lebanese press also accused israel of inflaming the tensions
17,a total of 37 yachts have been forced to retire from the 630-nautical-mile race many having been dismasted or suffering injuries to crew a total of 37 yachts have been forced to retire from the 630-nautical-mile race many having been dismasted or suffering injuries to crew although the two were forced to reduce sail and cut speed they were still well inside the race record for the 630-nautical-mile race of 2 days 14 hours seven minutes and 10 seconds set by german maxi morning glory in 1996 a total of 37 yachts have been forced to retire from the 630-nautical-mile race many having been dismasted or suffering injuries to crew although the two were forced to reduce sail and cut speed they were still well inside the race record for the 630-nautical-mile race of 2 days 14 hours seven minutes and 10 seconds set by german maxi morning glory in 1996 the yacht which has a crew of 11 was halfway across bass strait when it overturned
18,in all three spacewalks were planned for endeavours 12-day flight it was the first time that the russian-built zarya control module and the made-in-america unity chamber had ever touched it was the first time that the russian-built zarya control module and the made-in-america unity chamber had ever touched it was the first time that the russian-built zarya control module and the made-in-america unity chamber had ever touched it was the first time that the russian-built zarya control module and the made-in-america unity chamber had ever touched
19,chinese officials have said the government may convert a proportion of its dlrs 145 billion worth of foreign exchange reserves into the euro after the currencys jan 1 debut they do not share their parents memories of world war ii or their parents sense of national identity like hundreds of thousands of other europeans he chose london and its busy financial markets as the best place to work there are 15 countries within what is now the european union but only a small percentage of their citizens have moved to other countries according to estimates prepared by eurostat these europeans form an advance guard that is still relatively small in numbers but experts say they carry a disproportionate influence on their societies
20,the united nations however does not recognize indonesias claim ramos-horta is an advocate of independence for indonesian-controlled east timor and newspapers reported taiwan had formerly barred him to avoid antagonizing indonesia the violence in the christian-dominated city of kupang was in retaliation for the burning and ransacking of 22 churches by muslim mobs in the capital jakarta on nov 22 when 14 people were killed the united nations which is brokering talks between lisbon and jakarta over the territorys political future still regards portugal as the administering power in east timor marker was scheduled to talk with indonesian president b j habibie on tuesday and will leave indonesia on wednesday to prepare for another batch of meetings in the new year
21,james joyce never got one for heavens sake the latter is known for her portrayals of the struggles of chinese women saramago 75 wrote his breakthrough novel in 1982 baltasar and blimunda while he has not been well known in the united states his novels have always been critically well received there with the recent publication of blindness in the united states only saramagos latest novel todos os nomes or all the names still awaits translation into english
22,as a result sharon resigns as defense minister and holds only second-rank posts for next 15 years previously the palestinian leadership had said the appointment was an internal israeli affair but the government investigating commission held that his failure to prevent the killings constituted grounds for his dismissal from the defense ministry still they would not connect their change of heart to the nomination of sharon an israeli inquiry found he was indirectly responsible for the killings at the sabra and shatila refugee camps
23,hodlers allegations made to a group of reporters came as the ioc continued investigations into alleged financial misconduct by the salt lake city group which won the bid for the 2002 games hodlers allegations made to a group of reporters came as the ioc continued investigations into alleged financial misconduct by the salt lake city group which won the bid for the 2002 games hodler said the blame shud be on those who put pressure on salt lake to offer the scholarship funds hodler the former head of the international ski federation also claimed that the fiat tycoon gianni agnelli had given free vans to influence votes for the italian resort of sestriere to hold the 1997 world skiing championships he also said that his commission would expand its inquiry beyond the salt lake city bid only if it was presented with evidence and not simply rumors of corruption in other bids
24,the move was aimed at forcing gadhafi to surrender two libyans wanted in the 1988 bombing of a pan am passenger plane over lockerbie scotland that killed 270 people during his visit to tunis annan is to meet with authorities here to discuss major regional and international issues and the various initiatives aimed at solving unresolved problems according to the local press the netherlands was chosen as a venue for the trial after libya itself proposed the trial be held in a third country on sunday state-run libyan radio quoted an unnamed official in the foreign liaison secretariat which is the equivalent of a foreign ministry as saying that a solution to this crisis is within reach earlier libyan media suggested that gadhafi had no authority to hand over the suspects an indication he was giving himself room in case he decides against giving up the two men wanted by the united states and britain
25,turkey considers ocalan a terrorist and its most-wanted criminal in italy dini told reporters in the city of trento that the government would decide ocalans request for asylum in a clear and responsible manner he hinted that he expects large protests of turkish groups in vienna he noted that italian law prohibits extradition of suspects to countries that have the death penalty dalema said a committee in the interior ministry would determine whether ocalan would qualify for political asylum which would be possible if ocalans promise to renounce terrorism issued monday holds up
26,the main result of that agreement appears to have been to keep oil prices from falling below 10 a barrel as such the oil companies having spent years cutting their costs are desperate for further savings in order to continue operating profitably with such low prices even so most oil industry analysts contend that improved efficiency from combining giant energy companies would do more to lower costs than the more concentrated ownership of gas stations and refineries would do to raise them this small recovery in the face of stronger growth is probably because new inflation numbers show that prices are in check and analysts are still forecasting that the economy will begin to slow down next year the lowest prices after inflation since the depression
27,the smart money shouts that president clinton will never resign and he concurs the evidence convinced most americans that the president should be censured but not removed from office others thought the republicans seeing dismal numbers in polls about their partys standing in the united states would be the first to blink the partys contempt for the voters was arrogantly but quite adequately summed up by alan simpson the former senator from wyoming who said the attention span of americans is which movie is coming out next month and whether the quarterly report on their stock will change but rep robert menendez d-n j was probably closer to the truth when he said i warn my colleagues that you will reap the bitter harvest of the unfair partisan seeds you sow today
28,they cautioned that much work remains to be done to get the ambitious space station project up and working according to interfax lobachev said it made sense for russia to control the project because the russian-built zarya and a russian-built service module would perform most of the life support and navigational functions for the stations first five years it will provide all of the necessary electricity and steering for the fledgling space station until a permanent control module can be launched next summer it will provide all of the necessary electricity and steering for the fledgling space station until a permanent control module can be launched next summer support for such options has been growing in recent weeks among russian space officials astronauts and nationalists who see mir as a symbol of russian achievements in space
29,the presidents of the world bank and interamerican development bank also were expected at the talks that is the widest gap since the government recalculated the way it measures trade flows in 1992 that increased the monthly deficit with beijing to 5 9 billion levels previously only seen in trade with japan not only for brazil but to stop chaos spreading to argentina mexico and other countries that are major u s trading partners meanwhile the country is slipping into recession
30,clinton acknowledged that u s intelligence officials are not yet certain that the suspicious underground construction project in north korea is nuclear related the norths official korean central news agency reported that north korean soldiers and people of all walks of life were on full alert for war hall said that the divergence might have arisen because in the north korean capital pyongyang life did seem to be slightly better than during his three previous trips to north korea u s companies have flocked to his country and say they want to stay and his iron control over political discourse is no stronger than in neighboring singapore in addition to strategies for easing the asian financial crisis clinton discussed north korea during a visit to tokyo on thursday and friday
31,but he often goes further than that saying that his predicament could actually help the democrats when a reporter asked about it many voters said that as appalled as they were at clintons behavior they had a hard time relating it to their decision on which way to vote in the congressional elections in five weeks most of these matters have little chance of finding their way into law but members hope to turn them to their advantage on election day democratic officials have been encouraging the groups major donors to express their opposition to damato democratic officials have been encouraging the groups major donors to express their opposition to damato
32,his attorneys also are likely to appeal the conviction in the days before sept 26 he said the guerrillas caught in a serbian pincer movement had decided to fight rather than surrender he said he believed that it was those deaths the serbs avenged with the massacre of the delijajs officials say that both mladic and karadzic are believed to have left the bosnian serb republic to live in serbia which is part of yugoslavia and controlled by milosvevic he also said that the arrest of a serving officer for an important war crime would send an important message
33,but officials said science minister silvan shalom attacked him for being too generous to the palestinians by agreeing to the clinton visit next week to gaza and the west bank netanyahu maintains he never agreed to free those with blood on their hands u s security agents in turn have given their palestinian counterparts sophisticated explosives detection equipment israel insists a vote be taken by a show of hands while the palestinians say only approval by acclamation is required a simple majority of 63 members is required and a vote was expected by thursday evening
34,the communist refoundation party provoked the crisis by withdrawing its support over the weekend and saying it would not vote for his deficit-cutting 1999 budget the government has a majority in the senate even without refoundations support despite help from a breakaway faction of the communists who on sunday formed a new party prodi lost fridays vote of confidence by a single vote on sunday prodis backers were still hoping that a sufficient number of communist refounding deputies would break ranks and back the budget when it comes up for a vote in parliament later this week and that time-honored tradition may have won the embattled government of prime minister romano prodi a momentary reprieve
35,but during the rescue attempt the kidnappers panicked and decapitated the captives maskhadov said according to russian media reports but during the rescue attempt the kidnappers panicked and decapitated the captives maskhadov said according to russian media reports according to the interfax news agency cochetel was freed early saturday in an operation conducted by the russian interior ministry and the regional security forces of the north caucasus mansur tagirov vanished thursday evening while returning to chechnyas capital city grozny from a small village nearby news reports said according to the interfax news agency cochetel was freed early saturday in an operation conducted by the russian interior ministry and the regional security forces of the north caucasus mansur tagirov vanished thursday evening while returning to chechnyas capital city grozny from a small village nearby news reports said
36,she said starovoitova had received many threats in the past as outrage mounted sunday it seemed clear that the killing of galina starovoitova was not going to be treated as a routine crime and some said it might turn out to be a watershed event in russian politics police have recovered two guns and are hoping that linkov can provide a description of the killers liberal leaders charged without any concrete evidence that starovoitovas communist foes in the duma the lower house of parliament were the most likely culprits but her good humor and quick smile belied a steely commitment to combat the corruption and ethnic divisions that she correctly considered to be the enemies of russian democracy
37,he said that if the commissioners recommends prosecutions against anyone for abuses it will be up to the national director of prosecutions to decide whether to proceed but many whites say the commission is on a witch hunt aiming to humiliate former government officials and afrikaners in general in recent years truth commissions have gained popularity in many places notably chile argentina and el salvador and the commissions work added much to the knowledge about what happened in south africa between 1960 and 1994 more than a dozen human rights and victims advocacy groups have already banded together to condemn such proposals as unconscionable
38,the police did not say what the other three did for a living gay leaders charge that these advertisements help create a hostile climate for homosexuals a climate that can lead to violence gay leaders charge that these advertisements help create a hostile climate for homosexuals a climate that can lead to violence monday jason marsden the newspapers political reporter wrote lovingly that matthew shepard is still my friend and not just because we are both members of the loose-knit community of gay people striving to make our way in this sometimes hostile place called wyoming monday jason marsden the newspapers political reporter wrote lovingly that matthew shepard is still my friend and not just because we are both members of the loose-knit community of gay people striving to make our way in this sometimes hostile place called wyoming
39,thursdays vote to put the motion on the agenda will be an indication of the governments chances of survival which are said to be extremely slim ecevit was expected to meet with yilmaz on thursday and other party leaders friday the islamic-oriented virtue party however withheld immediate support for yalim erez news reports said virtue was holding out for a number of cabinet seats that reflected its standing as the largest party in parliament erez opened talks with various party leaders on monday
40,but they also say they saw nothing wrong with weslin trying to block access to clinics others wondered whether the shooter had tried to wound the doctor to scare him or prevent him from performing more abortions many of those calling for government help were once themselves subjects of fbi interest as anti-war and civil rights activists his clinic staff recall him saying more than once typically the doctor did not share any concerns he might have felt
41,about 180 people were taken to hospitals with injuries and about 20 were in intensive care only 14 bodies had been indentified by friday evening earlier in the day noren had said it was a 50-50 chance that the fire was arson prompting wide speculation that authorities had tracked down new clues he and other officials declined to comment on whether a quicker response could have saved any of the mostly immigrant victims one of the two exit stairways was blocked by fire and there were conflicting statements from witnesses as to whether the fire came up the stairs from a lower level or whether it spread there after breaking out in the second-floor rooms
42,the awful mistake that he had made in game 2 would be forgotten day in and day out they do a very good job for major league baseball it is not an issue williams or the yankees wants to study saturday or in the coming days because the team is four victories away from a championship somehow the playoffs leave just about everybody feeling inadequate bruce bochy the manager a reserve on the 1984 san diego world series team has said a lot of the players on that team said looking back we wish we would have had a little different attitude instead of just saying hey we are in the world series
43,some of the other central issues such as financing for the international monetary fund were all but nailed down but neither side was ready to declare a final deal until all the other elements of the budget package are in place some of the other central issues like financing for the international monetary fund were all but nailed down but neither side was ready to declare a final deal until all the other elements of the budget package were in place some of the other central issues like financing for the international monetary fund were all but nailed down but neither side was ready to declare a final deal until all the other elements of the budget package were in place this had not happened since congressional budget procedures were established in 1974 still others wanted to continue cutting government spending
44,mrs yeltsin refuted rumors that her family would leave russia after yeltsin leaves office in 2000 as absolute nonsense his last foreign trip was to britain in may when he attended a summit of the group of seven leading industrial nations there was no indication that yeltsins illness would sideline him for any length of time and aides said the president would maintain his schedule for the rest of the week doctors ordered the president to stay in bed tuesday and his spokesman dmitry yakushkin had said yeltsin would not be in the office all week the call for yeltsin to step down was backed by many participants in a nationwide labor action earlier this month that attracted about 1 million people
45,microsoft replies that the governments accounts of meetings like those with netscape and intel are fanciful distortions created by using a biased selection of documents and witnesses but ultimately the government decided against taking any action a potential violation of antitrust law in the case of microsoft neither president clinton nor vice president al gore has ever volunteered a comment even with the agreement the government investigations continued
46,u s authorities charge salim helped finance train and arm members of a terrorist organization including the alleged bombers of the u s embassies in kenya and tanzania however they have set up a judicial inquiry to accept evidence of bin ladens involvement in terrorist activity and have promised to prosecute him if the evidence warrants it according to u s intelligence sources the camps were being used to train members of bin ladens al qaeda terrorist group saqib said his inquiry will wind up on nov 20 and if there is no evidence against bin laden the case will be closed at least for the taliban all three men have pleaded not guilty
47,hariri is still the front-runner to form the next government but saturdays daily star newspaper quoted sources as saying that hariri was outraged that only 62 of the 128 members in parliament declared their support for him during a meeting with lahoud friday he has remained in office as caretaker prime minister since lahoud succeeded hrawi on tuesday lahoud had been expected to issue a presidential decree last week asking hariri to form the next government after the president polled members of the 128-seat parliament on their choice for prime minister asked if there was a risk of renewed conflict in lebanon over the alleged tampering with the constitution hariri said if the president continues with this i dont know what will happen asked if there was a risk of renewed conflict in lebanon over the alleged tampering with the constitution hariri said if the president continues with this i dont know what will happen
48,all three were charged with trying to subvert chinas communist party-led system dissidents are rarely mentioned by official media and the reports served as a warning to chinas 1 2 billion people they also appeared to spell the effective end here of the china democracy party which these three men along with hundreds of lesser-known individuals tried to organize in recent months relatives of qin in china denied the reports however and said that his trial continued critics of the administrations china policy noted that the long prison sentences were handed out less than a week after jiang delivered a pointed speech in beijing in which he made clear that chinas economic reforms were not a prelude to western-style democracy
